{
  "S1": {
    "size": 5000,
    "mean": 26.357,
    "median": 10.0,
    "std": 125.16863804883394,
    "min": 5,
    "max": 6455,
    "p25": 6.0,
    "p75": 21.0
  },
  "S2": {
    "size": 20000,
    "mean": 24.89375,
    "median": 10.0,
    "std": 83.28206806352433,
    "min": 5,
    "max": 6455,
    "p25": 6.0,
    "p75": 21.0
  },
  "S2.5": {
    "size": 50000,
    "mean": 24.96482,
    "median": 10.0,
    "std": 78.79308511771575,
    "min": 5,
    "max": 6455,
    "p25": 6.0,
    "p75": 21.0
  },
  "S3": {
    "size": 100000,
    "mean": 24.94701,
    "median": 10.0,
    "std": 75.9736275431146,
    "min": 5,
    "max": 6455,
    "p25": 6.0,
    "p75": 21.0
  }
}