{
  "beam_20": {
    "alpha": 3.298348567933204,
    "alpha_err": 5.638935204355568,
    "beta": 0.5903034805160305,
    "beta_err": 0.21853412820030843,
    "gamma": 0.020858508897401724,
    "gamma_err": 0.00367972986679233,
    "r2": 0.994740393615691,
    "rss": 1.0296670762151106e-06,
    "formula": "HR@10(N) = 3.2983 * N^(-0.5903) + 0.0209"
  },
  "beam_50": {
    "alpha": 8.287105955615035,
    "alpha_err": 26.228675170237054,
    "beta": 0.7020823194300738,
    "beta_err": 0.3945285613197866,
    "gamma": 0.023230410776985937,
    "gamma_err": 0.004748571722650053,
    "r2": 0.9857433266548625,
    "rss": 3.024164499202141e-06,
    "formula": "HR@10(N) = 8.2871 * N^(-0.7021) + 0.0232"
  },
  "beam_100": {
    "alpha": 4.459675494989215,
    "alpha_err": 8.677310021149271,
    "beta": 0.6198958327930212,
    "beta_err": 0.24676762738164104,
    "gamma": 0.022310123246929495,
    "gamma_err": 0.004013881048334864,
    "r2": 0.9935930619224369,
    "rss": 1.4427078324843281e-06,
    "formula": "HR@10(N) = 4.4597 * N^(-0.6199) + 0.0223"
  }
}